,SBERT,CLIP,MCLIP,MRR sbert,MRR clip,MRR mclip,error SBERT,error CLIP,error MCLIP,SBERT Accuracy,CLIP Accuracy,MCLIP Accuracy
english,0.006332,0.01554,0.015782,0.3891,0.6271,0.6211,0.74,0.4844,0.5022,0.26,0.5156,0.4978
spanish,0.00613,0.006589,0.015533,0.3665,0.3865,0.6123,0.7644,0.74,0.5111,0.2356,0.26,0.4889
italian,0.005904,0.005727,0.015199,0.3454,0.3156,0.6074,0.7822,0.7956,0.5133,0.2178,0.2044,0.4867
german,0.006207,0.005582,0.015246,0.3709,0.3107,0.616,0.7489,0.8044,0.5067,0.2511,0.1956,0.4933
french,0.006253,0.007073,0.015602,0.361,0.3922,0.6248,0.7711,0.7222,0.4889,0.2289,0.2778,0.5111
polish,0.005637,0.002939,0.015068,0.3447,0.1087,0.6129,0.7689,0.9422,0.5044,0.2311,0.0578,0.4956
