,SBERT,CLIP,MCLIP,MRR sbert,MRR clip,MRR mclip,error SBERT,error CLIP,error MCLIP,SBERT Accuracy,CLIP Accuracy,MCLIP Accuracy
english,0.005139,0.01683,0.017088,0.4261,0.8087,0.7989,0.72,0.286,0.302,0.28,0.714,0.698
spanish,0.005172,0.007864,0.019061,0.3868,0.5811,0.8559,0.758,0.544,0.218,0.242,0.456,0.782
italian,0.005288,0.005425,0.021635,0.393,0.4384,0.8447,0.734,0.67,0.24,0.266,0.33,0.76
german,0.005515,0.00546,0.022793,0.4088,0.4388,0.8746,0.732,0.68,0.2,0.268,0.32,0.8
french,0.005479,0.008129,0.021888,0.4452,0.6078,0.8725,0.692,0.512,0.208,0.308,0.488,0.792
